{
  "HTTP Request (Eliminar Paciente por id)" : {
    "transaction" : "HTTP Request (Eliminar Paciente por id)",
    "sampleCount" : 200,
    "errorCount" : 0,
    "errorPct" : 0.0,
    "meanResTime" : 2.2199999999999993,
    "medianResTime" : 1.0,
    "minResTime" : 0.0,
    "maxResTime" : 43.0,
    "pct1ResTime" : 2.0,
    "pct2ResTime" : 3.0,
    "pct3ResTime" : 38.99000000000001,
    "throughput" : 20.688941760628943,
    "receivedKBytesPerSec" : 12.282442846798386,
    "sentKBytesPerSec" : 4.2024412951277546
  },
  "HTTP Request (Actualizar Medicamento por id)" : {
    "transaction" : "HTTP Request (Actualizar Medicamento por id)",
    "sampleCount" : 200,
    "errorCount" : 0,
    "errorPct" : 0.0,
    "meanResTime" : 4.894999999999997,
    "medianResTime" : 2.0,
    "minResTime" : 1.0,
    "maxResTime" : 72.0,
    "pct1ResTime" : 3.0,
    "pct2ResTime" : 23.94999999999999,
    "pct3ResTime" : 71.0,
    "throughput" : 20.920502092050206,
    "receivedKBytesPerSec" : 13.116174163179915,
    "sentKBytesPerSec" : 8.723685930962343
  },
  "HTTP Request (Actualizar Paciente por id)" : {
    "transaction" : "HTTP Request (Actualizar Paciente por id)",
    "sampleCount" : 200,
    "errorCount" : 0,
    "errorPct" : 0.0,
    "meanResTime" : 4.034999999999997,
    "medianResTime" : 2.0,
    "minResTime" : 1.0,
    "maxResTime" : 72.0,
    "pct1ResTime" : 3.0,
    "pct2ResTime" : 5.0,
    "pct3ResTime" : 69.97000000000003,
    "throughput" : 20.55076037813399,
    "receivedKBytesPerSec" : 12.200408446362516,
    "sentKBytesPerSec" : 7.464100390464448
  },
  "HTTP Request (Eliminar Especialidad por id)" : {
    "transaction" : "HTTP Request (Eliminar Especialidad por id)",
    "sampleCount" : 200,
    "errorCount" : 0,
    "errorPct" : 0.0,
    "meanResTime" : 2.4899999999999993,
    "medianResTime" : 1.0,
    "minResTime" : 0.0,
    "maxResTime" : 45.0,
    "pct1ResTime" : 2.0,
    "pct2ResTime" : 3.9499999999999886,
    "pct3ResTime" : 43.960000000000036,
    "throughput" : 20.805159679600543,
    "receivedKBytesPerSec" : 10.310338213877042,
    "sentKBytesPerSec" : 4.327635753666909
  },
  "HTTP Request (Crear Pacientes)" : {
    "transaction" : "HTTP Request (Crear Pacientes)",
    "sampleCount" : 200,
    "errorCount" : 0,
    "errorPct" : 0.0,
    "meanResTime" : 5.045000000000006,
    "medianResTime" : 3.0,
    "minResTime" : 1.0,
    "maxResTime" : 120.0,
    "pct1ResTime" : 4.0,
    "pct2ResTime" : 5.949999999999989,
    "pct3ResTime" : 116.49000000000046,
    "throughput" : 20.1999798000202,
    "receivedKBytesPerSec" : 11.834347540652459,
    "sentKBytesPerSec" : 6.606813705686294
  },
  "HTTP Request (Actualizar Especialidad por id)" : {
    "transaction" : "HTTP Request (Actualizar Especialidad por id)",
    "sampleCount" : 200,
    "errorCount" : 0,
    "errorPct" : 0.0,
    "meanResTime" : 4.589999999999999,
    "medianResTime" : 2.0,
    "minResTime" : 1.0,
    "maxResTime" : 75.0,
    "pct1ResTime" : 4.0,
    "pct2ResTime" : 6.899999999999977,
    "pct3ResTime" : 70.96000000000004,
    "throughput" : 20.669698222405952,
    "receivedKBytesPerSec" : 10.24320806634973,
    "sentKBytesPerSec" : 5.156524519429516
  },
  "HTTP Request (Crear Doctor)" : {
    "transaction" : "HTTP Request (Crear Doctor)",
    "sampleCount" : 200,
    "errorCount" : 0,
    "errorPct" : 0.0,
    "meanResTime" : 7.765,
    "medianResTime" : 3.0,
    "minResTime" : 2.0,
    "maxResTime" : 144.0,
    "pct1ResTime" : 4.0,
    "pct2ResTime" : 23.64999999999992,
    "pct3ResTime" : 143.0,
    "throughput" : 20.41649652919559,
    "receivedKBytesPerSec" : 12.62991590955492,
    "sentKBytesPerSec" : 7.426101852797061
  },
  "HTTP Request (Obtener Pacientes)" : {
    "transaction" : "HTTP Request (Obtener Pacientes)",
    "sampleCount" : 200,
    "errorCount" : 0,
    "errorPct" : 0.0,
    "meanResTime" : 3.155000000000002,
    "medianResTime" : 2.0,
    "minResTime" : 0.0,
    "maxResTime" : 57.0,
    "pct1ResTime" : 3.0,
    "pct2ResTime" : 4.0,
    "pct3ResTime" : 46.8900000000001,
    "throughput" : 20.51071684955389,
    "receivedKBytesPerSec" : 12.46717083504256,
    "sentKBytesPerSec" : 3.224829504666188
  },
  "HTTP Request (Obtener Doctor)" : {
    "transaction" : "HTTP Request (Obtener Doctor)",
    "sampleCount" : 200,
    "errorCount" : 0,
    "errorPct" : 0.0,
    "meanResTime" : 3.5349999999999993,
    "medianResTime" : 1.0,
    "minResTime" : 0.0,
    "maxResTime" : 83.0,
    "pct1ResTime" : 3.0,
    "pct2ResTime" : 18.799999999999955,
    "pct3ResTime" : 52.960000000000036,
    "throughput" : 20.73613271124935,
    "receivedKBytesPerSec" : 14.000939606013478,
    "sentKBytesPerSec" : 3.2400207361327116
  },
  "HTTP Request (Obtener Medicamento)" : {
    "transaction" : "HTTP Request (Obtener Medicamento)",
    "sampleCount" : 200,
    "errorCount" : 0,
    "errorPct" : 0.0,
    "meanResTime" : 3.9099999999999997,
    "medianResTime" : 2.0,
    "minResTime" : 1.0,
    "maxResTime" : 82.0,
    "pct1ResTime" : 2.0,
    "pct2ResTime" : 25.849999999999966,
    "pct3ResTime" : 55.960000000000036,
    "throughput" : 20.870291140561413,
    "receivedKBytesPerSec" : 13.948956648492121,
    "sentKBytesPerSec" : 3.3425075654805383
  },
  "HTTP Request (Crear Medicamento)" : {
    "transaction" : "HTTP Request (Crear Medicamento)",
    "sampleCount" : 200,
    "errorCount" : 0,
    "errorPct" : 0.0,
    "meanResTime" : 7.269999999999995,
    "medianResTime" : 3.0,
    "minResTime" : 2.0,
    "maxResTime" : 130.0,
    "pct1ResTime" : 3.0,
    "pct2ResTime" : 29.499999999999886,
    "pct3ResTime" : 117.0,
    "throughput" : 20.54442732408834,
    "receivedKBytesPerSec" : 12.338694144838213,
    "sentKBytesPerSec" : 7.443342321520288
  },
  "HTTP Request (Crear Especialidad)" : {
    "transaction" : "HTTP Request (Crear Especialidad)",
    "sampleCount" : 200,
    "errorCount" : 0,
    "errorPct" : 0.0,
    "meanResTime" : 7.080000000000001,
    "medianResTime" : 3.0,
    "minResTime" : 2.0,
    "maxResTime" : 141.0,
    "pct1ResTime" : 5.0,
    "pct2ResTime" : 20.29999999999984,
    "pct3ResTime" : 138.98000000000002,
    "throughput" : 20.30663011473246,
    "receivedKBytesPerSec" : 9.964130241648899,
    "sentKBytesPerSec" : 4.391705376180322
  },
  "HTTP Request (Actualizar doctor por id)" : {
    "transaction" : "HTTP Request (Actualizar doctor por id)",
    "sampleCount" : 200,
    "errorCount" : 0,
    "errorPct" : 0.0,
    "meanResTime" : 7.029999999999989,
    "medianResTime" : 3.0,
    "minResTime" : 1.0,
    "maxResTime" : 124.0,
    "pct1ResTime" : 5.0,
    "pct2ResTime" : 24.199999999999818,
    "pct3ResTime" : 100.97000000000003,
    "throughput" : 20.80299563137092,
    "receivedKBytesPerSec" : 12.97058651445808,
    "sentKBytesPerSec" : 8.907501430205949
  },
  "HTTP Request (Eliminar doctor por id)" : {
    "transaction" : "HTTP Request (Eliminar doctor por id)",
    "sampleCount" : 200,
    "errorCount" : 0,
    "errorPct" : 0.0,
    "meanResTime" : 2.5749999999999984,
    "medianResTime" : 2.0,
    "minResTime" : 0.0,
    "maxResTime" : 31.0,
    "pct1ResTime" : 3.0,
    "pct2ResTime" : 7.7999999999999545,
    "pct3ResTime" : 29.980000000000018,
    "throughput" : 21.021652301870926,
    "receivedKBytesPerSec" : 13.10691809438722,
    "sentKBytesPerSec" : 4.249494166491487
  },
  "Total" : {
    "transaction" : "Total",
    "sampleCount" : 3200,
    "errorCount" : 0,
    "errorPct" : 0.0,
    "meanResTime" : 4.479374999999997,
    "medianResTime" : 2.0,
    "minResTime" : 0.0,
    "maxResTime" : 144.0,
    "pct1ResTime" : 4.0,
    "pct2ResTime" : 8.0,
    "pct3ResTime" : 71.98999999999978,
    "throughput" : 323.0365435089845,
    "receivedKBytesPerSec" : 190.46419152533818,
    "sentKBytesPerSec" : 84.43982813446395
  },
  "HTTP Request (Eliminar Medicamento por id)" : {
    "transaction" : "HTTP Request (Eliminar Medicamento por id)",
    "sampleCount" : 200,
    "errorCount" : 0,
    "errorPct" : 0.0,
    "meanResTime" : 2.6400000000000015,